ccodealp,ccode,cname,ccodecow,ccodewb,wdi_dgovhexp,wdi_gdppppcon2017,wdi_lifexp,wdi_pop,continent,wdi_gdpcapcon2010,vdem_corr,wdi_popurb,wdi_poprul,wvs_pmi12,wvs_pmi4,wvs_auton,wdi_litrad,wdi_chexppgdp,undp_hdi,wdi_hwf,wdi_hwfr,wdi_hwfu,who_let,ht_colonial,mad_gdppc1600,mad_gdppc1700,mad_gdppc1900,van_index,bti_ds,sgi_qd,vdem_libdem,wdi_gdpcappppcon2017,wdi_incsh10h,gd_ptsh,gd_ptsa,wbgi_pve
AFG,4,Afghanistan,700,4,0.6001465916633606,74711924736,64.12999725341797,36296400,Asia,571.440673828125,0.8960000276565552,25.25,74.75,NA,NA,NA,43.01971817016602,11.77723598480225,NA,37.74603271484375,29.01854515075684,63.58285140991211,62.70000076293945,0,NA,NA,NA,11.29300022125244,3.016666650772095,NA,0.2290000021457672,2058.3837890625,NA,5,5,-2.8006091
AGO,24,Angola,540,24,1.29186999797821,217987317760,60.37900161743164,29816748,Africa,3409.930419921875,0.7620000243186951,64.83899688720703,35.1609992980957,NA,NA,NA,66.03011322021484,2.791502952575684,0.5820000171661377,26.66418266296387,13.23488616943359,33.94664764404297,62.59999847412109,7,NA,NA,NA,9.413800239562988,4.199999809265137,NA,0.1689999997615814,7310.90185546875,39.59999847412109,3,3,-0.33162206
ALB,8,Albania,339,8,2.673983573913574,37461286912,78.33300018310547,2873457,Europe,4864.310546875,0.8019999861717224,59.38299942016602,40.61700057983398,NA,NA,NA,98.14115142822266,5.010597229003906,0.7900000214576721,NA,NA,NA,76.4000015258789,0,NA,NA,1092,27.29759979248047,7.050000190734863,NA,0.4600000083446503,13037.009765625,24.79999923706055,NA,2,0.37836871
AND,20,Andorra,232,20,4.562325000762939,NA,NA,77001,Europe,44430.7421875,NA,88.1500015258789,11.85000038146973,2.4420946,1.9748996,0.34311926,NA,6.544318675994873,0.8629999756813049,NA,NA,NA,NA,0,NA,NA,NA,12.97799968719482,NA,NA,NA,NA,NA,NA,NA,1.4215722
ARE,784,United Arab Emirates,696,784,2.271693229675293,637384720384,77.647003173828125,9487203,Asia,41460.28515625,0.1049999967217445,86.24800109863281,13.7519998550415,NA,NA,NA,93.227142333984375,4.144564151763916,0.8809999823570251,NA,NA,NA,77.19999694824219,5,NA,NA,NA,0,4,NA,0.096000000834465,67183.625,21.39999961853027,3,3,0.61849141
ARG,32,Argentina,160,32,6.608934879302979,1039330574336,76.37200164794922,44044812,Americas,10419.455078125,0.5490000247955322,91.7490005493164,8.25100040435791,1.8576858,1.7041951,0.54792249,99.00386810302734,10.45704364776611,0.8429999947547913,NA,NA,NA,76.9000015258789,2,NA,NA,4583,38.51333999633789,8,NA,0.5960000157356262,23597.1171875,29.70000076293945,2,2,0.16943635
ARM,51,Armenia,371,51,1.372506022453308,35676528640,74.7969970703125,2944809,Asia,4198.794921875,0.8100000023841858,63.10300064086914,36.89699935913086,NA,NA,NA,99.73606872558594,10.36270523071289,0.7689999938011169,94.042938232421875,89.6866455078125,96.5901107788086,74.80000305175781,0,NA,NA,NA,26.27375984191895,5.116666793823242,NA,0.2259999960660934,12115.056640625,28.39999961853027,2,2,-0.62069476
ATG,28,Antigua and Barbuda,58,28,2.737867832183838,1893259136,76.75199890136719,95426,Americas,14220.501953125,NA,24.71299934387207,75.28700256347656,NA,NA,NA,98.9499969482422,5.170942306518555,0.7680000066757202,NA,NA,NA,75,5,NA,NA,NA,20.57920074462891,NA,NA,NA,19840.076171875,NA,NA,NA,0.74787146
AUS,36,Australia,900,36,6.337732315063477,1202307334144,82.5,24601860,Oceania,56058.46484375,0.0309999994933605,85.90399932861328,14.0959997177124,2.2635531,2.0397561,0.45964065,NA,9.205448150634766,0.9409999847412108,NA,NA,NA,82.9000015258789,0,NA,NA,6397,39.68933868408203,NA,7.579166889190674,0.8149999976158142,48870.58984375,27,1,2,0.89008951
AUT,40,Austria,305,40,7.513920783996582,479433588736,81.64390563964844,8797566,Europe,49031.10546875,0.0469999983906746,58.09400177001953,41.90599822998047,NA,NA,NA,NA,10.38262367248535,0.9190000295639038,NA,NA,NA,81.9000015258789,0,NA,NA,4594,40.06565093994141,NA,7.362500190734863,0.7580000162124634,54496.1640625,23,NA,1,1.0466044
AZE,31,Azerbaijan,373,31,1.002012610435486,139152801792,72.69300079345703,9854033,Asia,5764.6923828125,0.9589999914169312,55.34299850463867,44.65700149536133,NA,NA,NA,99.791229248046875,3.736514568328857,0.7540000081062317,83.241302490234375,NA,NA,73.0999984741211,0,NA,NA,NA,9.979000091552734,3.433333396911621,NA,0.0689999982714653,14121.4072265625,NA,3,3,-0.74782026
BDI,108,Burundi,516,108,1.857883334159851,8375480832,60.89799880981445,10827024,Africa,214.1392517089844,0.944000005722046,12.70600032806396,87.29399871826172,NA,NA,NA,68.37532806396484,7.517637252807617,0.4339999854564667,6.144099235534668,4.082390308380127,20.30865287780762,60.09999847412109,8,NA,NA,NA,10.91932487487793,3.799999952316284,NA,0.0469999983906746,773.57183837890625,NA,4,5,-2.0075395
BEL,56,Belgium,211,56,7.901133060455322,575757811712,81.49268341064453,11375158,Europe,46409.12890625,0.0230000000447035,97.96099853515624,2.039000034332275,NA,NA,NA,NA,10.40608310699463,0.9290000200271606,NA,NA,NA,81.19999694824219,0,2533,2192,5947,47.71900177001953,NA,7.266666889190674,0.800000011920929,50615.3671875,21.89999961853027,NA,1,0.42807066
BEN,204,Benin,434,204,0.8144052028656006,34023063552,61.17399978637695,11175204,Africa,1166.760620117188,0.3630000054836273,46.76800155639648,53.23199844360352,NA,NA,NA,42.36240005493164,2.644483804702759,0.5360000133514404,11.03491306304932,6.042565822601318,16.7172737121582,61.09999847412109,6,NA,NA,NA,15.45119953155518,7.849999904632568,NA,0.628000020980835,3044.513916015625,37.59999847412109,NA,2,0.030852951
BFA,854,Burkina Faso,439,854,2.992976903915405,39238402048,60.76800155639648,19193284,Africa,771.64794921875,0.4050000011920929,28.74300003051758,71.25700378417969,NA,NA,NA,41.22444915771484,6.911901950836182,0.4390000104904175,11.8773889541626,7.516227245330811,22.68918228149414,60.29999923706055,6,NA,NA,NA,8.329999923706055,6.400000095367432,NA,0.5659999847412109,2044.3818359375,29.60000038146973,NA,2,-0.92684501
BGD,50,Bangladesh,771,50,0.3796480298042297,664403640320,72.052001953125,159670592,Asia,1127.271606445313,0.8560000061988831,35.85800170898438,64.141998291015625,2.0116668,1.8049999,0.77662581,72.8929672241211,2.275221824645996,0.6159999966621399,34.80760192871094,25.70681953430176,51.08688735961914,72.69999694824219,5,NA,NA,NA,6.064799785614014,4.616666793823242,NA,0.1369999945163727,4161.08984375,26.79999923706055,4,4,-1.2558883
BGR,100,Bulgaria,355,100,4.064736366271973,151218520064,74.81463623046875,7075947,Europe,8353.9677734375,0.6159999966621399,74.66899871826172,25.33099937438965,NA,NA,NA,NA,7.453268051147461,0.8109999895095825,NA,NA,NA,74.80000305175781,0,NA,NA,NA,27.43431663513184,8.100000381469727,5.733333110809326,0.5600000023841858,21370.783203125,31.89999961853027,NA,2,0.3319523
BHR,48,Bahrain,692,48,2.752895355224609,71282081792,77.03199768066406,1494074,Asia,22167.078125,0.7379999756813049,89.18599700927734,10.81400012969971,NA,NA,NA,97.40389251708984,4.748131275177002,0.8539999723434448,NA,NA,NA,79.0999984741211,5,NA,NA,NA,1.049999952316284,3.233333349227905,NA,0.0390000008046627,47709.875,NA,3,3,-0.96142507
BHS,44,Bahamas,31,44,3.797523975372314,13856896000,73.55400085449219,381761,Americas,28282.517578125,NA,82.92500305175781,17.07500076293945,NA,NA,NA,NA,6.831298828125,0.8119999766349792,NA,NA,NA,75.69999694824219,5,NA,NA,NA,21.01038551330566,NA,NA,NA,36297.30859375,NA,NA,2,0.98936778
BIH,70,Bosnia and Herzegovina,346,70,6.260199069976807,46212468736,77.12799835205078,3351527,Europe,5828.71630859375,0.7250000238418579,47.87599945068359,52.12400054931641,NA,NA,NA,NA,8.93159008026123,0.7739999890327454,97.16380310058594,95.95401763916016,98.499969482421875,77.30000305175781,0,NA,NA,NA,32.34000015258789,6.099999904632568,NA,0.3849999904632568,13788.482421875,NA,2,1,-0.34821063
BLR,112,Belarus,370,112,3.980547189712524,173630160896,74.12926483154297,9498264,Europe,6375.2890625,0.3210000097751617,78.134002685546875,21.86599922180176,NA,NA,NA,99.756561279296875,5.759748458862305,0.8190000057220459,NA,NA,NA,74.19999694824219,0,NA,NA,NA,10.56165027618408,4.333333492279053,NA,0.1110000014305115,18280.19921875,21.29999923706055,3,3,-0.053510562
BLZ,84,Belize,80,84,3.913476705551147,2671291648,74.36499786376953,375769,Americas,4211.599609375,NA,45.60100173950195,54.39899826049805,NA,NA,NA,NA,5.701253890991211,0.7139999866485596,90.082763671875,89.69110870361328,90.54998779296876,70.5,5,NA,NA,NA,20.28202056884766,NA,NA,NA,7108.86669921875,NA,NA,NA,0.035682265
BOL,68,Bolivia,145,68,4.447581768035889,94285209600,70.94499969482422,11192854,Americas,2490.956298828125,0.625,69.08000183105469,30.92000007629395,2.0737538,1.971,0.8232885,92.455078125,6.490194797515869,0.7099999785423279,25.38289833068848,19.25962066650391,28.12365913391113,71.5,2,NA,NA,1462,19.91760063171387,7.199999809265137,NA,0.4040000140666962,8423.697265625,31.70000076293945,2,1,-0.27801493
BRA,76,Brazil,140,76,3.965680599212646,3017715744768,75.45600128173828,207833824,Americas,11021.71875,0.6240000128746033,86.30899810791016,13.69099998474121,2.1672843,1.805705,0.77935171,93.07582092285156,9.469337463378906,0.7609999775886536,NA,NA,NA,75.0999984741211,7,NA,NA,874,37.7496452331543,7.650000095367432,NA,0.6050000190734863,14519.849609375,42,4,4,-0.41983745
BRB,52,Barbados,53,52,3.003356695175171,4519281664,78.98100280761719,286233,Americas,16254.240234375,0.1190000027418137,31.15900039672852,68.84100341796875,NA,NA,NA,99.59999847412108,6.622169971466064,0.8100000023841858,88.46935272216797,NA,NA,75.5999984741211,5,NA,NA,NA,25.84021949768066,NA,NA,0.6679999828338623,15788.8203125,NA,NA,NA,0.96661419
BRN,96,Brunei,835,96,2.147505283355713,25891018752,75.58499908447266,424473,Asia,31752.740234375,NA,77.31199645996094,22.6879997253418,NA,NA,NA,97.214111328125,2.270364284515381,0.8379999995231628,NA,NA,NA,76.4000015258789,5,NA,NA,NA,0,NA,NA,NA,60995.6796875,NA,NA,2,1.1600565
BTN,64,Bhutan,760,64,2.418060541152954,8307417088,71.128997802734375,745568,Asia,3072.020263671875,0.0900000035762787,40.16699981689453,59.83300018310547,NA,NA,NA,66.56114959716797,3.244916439056396,0.6460000276565552,79.80704498291016,75.21756744384766,87.32125091552734,70.5999984741211,5,NA,NA,NA,2.631750106811523,6.566666603088379,NA,0.4729999899864197,11142.400390625,27.89999961853027,NA,NA,1.1168889
BWA,72,Botswana,571,72,4.6413893699646,38045691904,68.81199645996094,2205128,Africa,7859.1689453125,0.1389999985694885,68.69999694824219,31.29999923706055,NA,NA,NA,NA,6.134568214416504,0.7260000109672546,NA,NA,NA,66.0999984741211,5,NA,NA,NA,17.34696006774902,8.199999809265137,NA,0.5640000104904175,17253.28125,41.5,NA,2,1.0222847
CAF,140,Central African Republic,482,140,0.7288199663162231,4195263744,52.2400016784668,4596028,Africa,371.1087951660156,0.796999990940094,40.97999954223633,59.02000045776367,NA,NA,NA,37.39582061767578,6.665415287017822,0.3910000026226044,16.60297203063965,12.95423412322998,22.08543586730957,53,6,NA,NA,NA,11.19999980926514,3.599999904632568,NA,0.2460000067949295,912.80206298828125,NA,4,4,-2.0062132
CAN,124,Canada,20,124,7.898979663848877,1777241686016,81.94878387451172,36543320,Americas,51170.4765625,0.0280000008642673,81.3499984741211,18.64999961853027,NA,NA,NA,NA,10.78964805603027,0.9259999990463256,NA,NA,NA,82.80000305175781,0,NA,NA,4640,30.49805068969727,NA,7.820833206176758,0.7860000133514404,48633.828125,25.29999923706055,1,1,1.1018244
CHE,756,Switzerland,225,756,3.753643035888672,567448502272,83.55121612548828,8451840,Europe,77684.046875,0.0209999997168779,73.76100158691406,26.23900032043457,NA,NA,NA,NA,11.89515590667725,0.9490000009536744,NA,NA,NA,83.30000305175781,0,NA,NA,6611.7783203125,32.22800064086914,NA,8.675000190734863,0.8230000138282776,67139.046875,25.5,NA,1,1.2565389
CHL,152,Chile,155,152,4.570328235626221,437082357760,79.90899658203125,18470440,Americas,14741.1923828125,0.0820000022649765,87.48999786376953,12.51000022888184,2.2762828,1.8255204,0.49084178,96.40228271484376,9.068204879760742,0.847000002861023,NA,NA,NA,79.5,2,NA,NA,3386,23.87404823303223,9.199999809265137,6.708333492279053,0.8199999928474426,23663.884765625,36.29999923706055,1,2,0.41702241
CHN,156,China,710,156,2.919352769851685,19887034466304,76.470001220703125,1386395008,Asia,7346.83642578125,0.4550000131130219,57.95999908447266,42.04000091552734,1.3158572,1.5403042,0.156221,96.84088897705078,5.151191711425781,0.75,NA,NA,NA,76.4000015258789,0,1217.465942382813,1542.633056640625,972,0,3.283333301544189,NA,0.0500000007450581,14344.4208984375,29.39999961853027,3,4,-0.23101284
CIV,384,Cote d'Ivoire,437,384,1.267342567443848,118051348480,57.01699829101563,24437468,Africa,1600.765258789063,0.5249999761581421,50.32600021362305,49.67399978637695,NA,NA,NA,47.16535186767578,4.4530348777771,0.5249999761581421,19.35079765319824,10.2277774810791,28.35562324523926,54.59999847412109,6,NA,NA,NA,2.354593992233276,5.800000190734863,NA,0.3799999952316284,4830.75146484375,31.89999961853027,3,3,-1.0900747
CMR,120,Cameroon,471,120,0.1455091238021851,87320625152,58.51100158691406,24566044,Africa,1481.73193359375,0.9269999861717224,55.77700042724609,44.22299957275391,NA,NA,NA,77.07103729248047,3.492525100708008,0.5569999814033508,9.402066230773926,2.870683431625366,14.58049774169922,58.09999847412109,6,NA,NA,NA,5.412000179290771,3.916666746139526,NA,0.1299999952316284,3554.525146484375,35,4,4,-1.0956799
COD,180,"Congo, Democratic Republic",490,180,0.4136087894439697,86267289600,60.0260009765625,81398768,Africa,408.9248046875,0.9509999752044678,43.88000106811523,56.11999893188477,NA,NA,NA,77.04267883300781,4.157286643981934,0.4749999940395355,4.471597671508789,2.220784187316895,7.350258350372314,60.5,8,NA,NA,NA,13.44869995117188,3.466666698455811,NA,0.1220000013709068,1059.810791015625,NA,5,5,-2.3511791
COG,178,Congo,484,178,1.201773047447205,21844656128,63.95399856567383,5110702,Africa,2520.618408203125,0.8309999704360962,66.45899963378906,33.54100036621094,NA,NA,NA,80.29875946044922,2.939537525177002,0.5740000009536743,47.96367263793945,31.8136043548584,56.11440277099609,64.30000305175781,6,NA,NA,NA,11.32845973968506,3.25,NA,0.1030000001192093,4274.29638671875,NA,NA,4,-0.53166389
COL,170,Colombia,100,170,5.454981803894043,700091400192,76.92500305175781,48909844,Americas,7620.916015625,0.5630000233650208,80.44599914550781,19.55400085449219,2.2006578,1.9519737,0.89242053,95.0925064086914,7.678642749786377,0.7630000114440918,65.38575744628906,34.8417854309082,72.81007385253906,75.0999984741211,2,NA,NA,1089,16.75057411193848,6.75,NA,0.5210000276565552,14313.916015625,39,3,4,-0.77260345
COM,174,Comoros,581,174,0.5144081115722656,2467927808,63.9119987487793,813892,Africa,1386.92236328125,0.7689999938011169,28.78400039672852,71.21600341796875,NA,NA,NA,58.81702041625977,4.648014068603516,0.550000011920929,15.57353401184082,14.6530590057373,17.86936569213867,63.90000152587891,6,NA,NA,NA,16.64275169372559,NA,NA,0.2440000027418137,3032.254638671875,33.70000076293945,NA,NA,0.036074556
CPV,132,Cape Verde,402,132,3.281085252761841,3570702592,72.56999969482422,537497,Africa,3619.62109375,0.1570000052452087,65.26100158691406,34.73899841308594,NA,NA,NA,86.79029083251953,5.360132217407227,0.6600000262260437,NA,NA,NA,73.19999694824219,7,NA,NA,NA,19.4463005065918,NA,NA,0.7409999966621399,6643.20458984375,32.29999923706055,NA,NA,0.77446002
CRI,188,Costa Rica,94,188,5.387344360351563,94605541376,79.91400146484375,4949954,Americas,9775.8505859375,0.1800000071525574,78.55999755859375,21.44000053405762,NA,NA,NA,97.8637924194336,7.32879638671875,0.8040000200271606,83.8410415649414,82.91259765625,84.12053680419922,79.5999984741211,2,NA,NA,NA,25.29559135437012,9.050000190734863,NA,0.8090000152587891,19112.408203125,37,NA,NA,0.60867745
CUB,192,Cuba,40,192,10.47486114501953,NA,78.66200256347656,11339259,Americas,6666.33154296875,0.4359999895095825,76.97699737548828,23.02300071716309,NA,NA,NA,NA,11.71132659912109,0.7770000100135803,85.19820404052734,76.09779357910156,87.92005157470703,79,2,NA,NA,NA,0,3.583333253860474,NA,0.090999998152256,NA,NA,3,3,0.64690119
CYP,196,Cyprus (1975-),352,196,2.77122688293457,32591245312,80.6719970703125,1179680,Asia,30650.244140625,0.1609999984502792,66.83599853515625,33.16400146484375,2.1949546,1.7916945,0.83701658,NA,6.738289356231689,0.878000020980835,NA,NA,NA,80.69999694824219,5,NA,NA,NA,21.38239669799805,NA,6.199999809265137,0.7559999823570251,37766.90234375,25.5,NA,1,0.53773028
CZE,203,Czech Republic,316,203,5.911540031433105,412902883328,78.9780502319336,10594438,Europe,23144.408203125,0.2329999953508377,73.67500305175781,26.32500076293945,NA,NA,NA,99.8330307006836,7.231338977813721,0.8960000276565552,NA,NA,NA,79.19999694824219,0,NA,NA,NA,33.95000076293945,9.399999618530272,7.308333396911621,0.7450000047683716,38973.55078125,21.5,NA,1,0.99981683
DEU,276,Germany,255,276,8.7987518310546875,4401873289216,80.99268341064453,82657000,Europe,46862.04296875,0.0240000002086163,77.26100158691406,22.73900032043457,3.0424495,2.3176312,0.34573305,NA,11.32229614257813,0.9430000185966492,NA,NA,NA,81,0,1286,1497,4758,40.10300064086914,NA,8.699999809265137,0.8080000281333923,53254.69140625,24.60000038146973,NA,1,0.58757716
DJI,262,Djibouti,522,262,1.144487500190735,4612122112,65.89299774169922,944097,Africa,NA,0.7620000243186951,77.64800262451172,22.35199928283691,NA,NA,NA,NA,2.464763164520264,0.5099999904632568,NA,NA,NA,63.79999923706055,6,NA,NA,NA,5.949031829833984,3.783333301544189,NA,0.1159999966621399,4885.220703125,32.29999923706055,NA,NA,-0.73676103
DMA,212,Dominica,54,212,3.753586769104004,807786944,NA,71458,Americas,6561.4072265625,NA,70.180999755859375,29.81900024414063,NA,NA,NA,NA,5.440285205841064,0.7360000014305115,NA,NA,NA,NA,5,NA,NA,NA,23.1992015838623,NA,NA,NA,11304.359375,NA,NA,NA,1.1978933
DNK,208,Denmark,390,208,8.435704231262207,320053837824,81.1024398803711,5764980,Europe,63216,0.0099999997764826,87.75700378417969,12.24300003051758,NA,NA,NA,NA,10.03963375091553,0.9359999895095824,NA,NA,NA,81.19999694824219,0,NA,NA,4809,44.75099945068359,NA,8.854166984558105,0.8659999966621399,55516.90625,24,NA,1,0.86821932
DOM,214,Dominican Republic,42,214,2.682202816009521,175940747264,73.68900299072266,10513131,Americas,7273.35400390625,0.847000002861023,80.2770004272461,19.72299957275391,NA,NA,NA,93.77845764160156,5.830586910247803,0.7459999918937683,55.18198013305664,41.90451812744141,58.4440803527832,73.5,2,NA,NA,NA,16.91857147216797,6.949999809265137,NA,0.2739999890327454,16735.33203125,33.5,2,3,0.16052219
DZA,12,Algeria,615,12,4.208381175994873,485801951232,76.4990005493164,41389200,Africa,4792.38720703125,0.7360000014305115,72.052001953125,27.94799995422363,1.9764936,1.7321101,0.8969506,81.4078369140625,6.38032865524292,0.7450000047683716,83.7406005859375,73.06980895996094,87.8796615600586,76.4000015258789,6,NA,NA,NA,10.41234970092773,4.75,NA,0.136000007390976,11737.4091796875,NA,2,3,-0.91566879
ECU,218,Ecuador,130,218,4.361646175384521,195010789376,76.58399963378906,16785360,Americas,5205.76318359375,0.5460000038146973,63.66999816894531,36.33000183105469,1.9196957,1.8667791,1,92.8297882080078,8.257429122924805,0.7599999904632568,80.63478088378906,75.402587890625,83.62025451660156,76.5,2,NA,NA,1098,33.67029571533203,5.900000095367432,NA,0.3429999947547913,11617.9091796875,33.79999923706055,2,2,-0.074877143
EGY,818,Egypt,651,818,1.74466860294342,1062265618432,71.65599822998047,96442592,Africa,2818.54736328125,0.8209999799728394,42.70500183105469,57.29499816894531,1.0749559,1.286815,1.2081527,71.16825103759766,5.633056163787842,0.6980000138282776,89.82697296142578,87.656890869140625,92.73844909667967,70.5,5,NA,NA,NA,10.46296977996826,3.700000047683716,NA,0.1230000033974648,11014.486328125,26.89999961853027,4,5,-1.4243041
ERI,232,Eritrea,531,232,0.7903974652290344,NA,65.53800201416016,NA,Africa,NA,0.6919999718666077,NA,NA,NA,NA,NA,76.57051849365234,3.764758348464966,0.4539999961853027,NA,NA,NA,65,5,NA,NA,NA,0,2.116666555404663,NA,0.0070000002160668,NA,NA,5,5,-0.72957969
ESP,724,Spain,230,724,6.318113803863525,1843934789632,83.282928466796875,46593236,Europe,32308.591796875,0.0599999986588955,80.08000183105469,19.92000007629395,NA,NA,NA,98.4365005493164,8.942492485046387,0.9029999971389772,NA,NA,NA,83.0999984741211,0,NA,NA,2676,34.82659912109375,NA,7.112500190734863,0.7770000100135803,39575.16015625,25.39999961853027,NA,2,0.28279558
EST,233,Estonia,366,233,4.84546947479248,44708659200,78.092681884765625,1317384,Europe,19167.521484375,0.0350000001490116,68.71700286865234,31.28300094604492,NA,NA,NA,NA,6.591837882995605,0.8849999904632568,NA,NA,NA,77.80000305175781,0,NA,NA,NA,30.75799942016602,9.75,8.475000381469727,0.8650000095367432,33937.453125,22.5,NA,1,0.64961976
ETH,231,Ethiopia (1993-),530,231,0.873725414276123,215094149120,65.87200164794922,106400024,Africa,548.41949462890625,0.5759999752044678,20.30999946594238,79.69000244140625,1.4498737,1.6666666,0.95468277,51.77117919921875,3.503315925598145,0.4740000069141388,7.960389614105225,4.038663864135742,23.34799766540527,65.5,0,NA,NA,NA,2.954960107803345,3.016666650772095,NA,0.0989999994635582,2021.56103515625,28.5,5,4,-1.6795888
FIN,246,Finland,375,246,7.131562232971191,261649154048,81.63170623779297,5508214,Europe,48213.3828125,0.034000001847744,85.32499694824219,14.67500019073486,NA,NA,NA,NA,9.141566276550291,0.9350000023841858,NA,NA,NA,81.4000015258789,0,1191,1331,2659,38.09400177001953,NA,9.145833015441896,0.828000009059906,47501.6328125,22.60000038146973,NA,1,1.0806748
FJI,242,Fiji,950,242,2.110709428787231,11783673856,67.25199890136719,877459,Oceania,4650.3017578125,0.2039999961853027,55.74200057983398,44.25799942016602,NA,NA,NA,99.08210754394533,3.186895608901978,0.7400000095367432,NA,NA,NA,69.9000015258789,5,NA,NA,NA,22.5909595489502,NA,NA,0.3079999983310699,13429.31640625,NA,NA,2,0.63948131
FRA,250,France (1963-),220,250,8.349762916564941,2997296562176,82.57560729980469,66864380,Europe,43015.2109375,0.063000001013279,80.18000030517578,19.81999969482422,NA,NA,NA,NA,11.39050197601318,0.8970000147819519,NA,NA,NA,82.9000015258789,0,1610,1694,4584,23.06303977966309,NA,7.137499809265137,0.7870000004768372,44826.5078125,25.79999923706055,NA,1,0.27898967
FSM,583,Micronesia,987,583,3.187831163406372,389316096,67.61799621582031,111459,Oceania,2751.71240234375,NA,22.60799980163574,77.391998291015625,NA,NA,NA,NA,12.31883811950684,0.6159999966621399,NA,NA,NA,69.5999984741211,4,NA,NA,NA,25.9069995880127,NA,NA,NA,3492.908447265625,NA,NA,NA,1.1785302
GAB,266,Gabon,481,266,1.759799242019653,30986311680,65.83899688720703,2064823,Africa,9212.3193359375,0.8109999895095825,88.97599792480469,11.02400016784668,NA,NA,NA,84.66716003417969,2.780745267868042,0.6940000057220459,NA,NA,NA,66.4000015258789,6,NA,NA,NA,6.748799800872803,4.699999809265137,NA,0.2540000081062317,15006.763671875,27.70000076293945,NA,3,-0.10304297
GBR,826,United Kingdom,200,826,7.809133052825928,3032781160448,81.25609588623047,66058860,Europe,43010.70703125,0.0390000008046627,83.14299774169922,16.85700035095215,NA,NA,NA,NA,9.825112342834473,0.9259999990463256,NA,NA,NA,81.4000015258789,0,1691,2412,7594,28.12654876708984,NA,7.458333492279053,0.8040000200271606,45910.28515625,26.79999923706055,NA,1,0.33154711
GEO,268,Georgia,372,268,2.626711130142212,50662481920,73.41400146484375,3728004,Asia,4512.76123046875,0.1550000011920929,58.23099899291992,41.76900100708008,1.445946,1.6157718,0.5253399,99.3642578125,7.05804443359375,0.7990000247955322,NA,NA,NA,72.5999984741211,0,NA,NA,NA,13,6.800000190734863,NA,0.5320000052452087,13589.70703125,28.89999961853027,2,2,-0.37076533
GHA,288,Ghana,452,288,1.087218284606934,145509466112,63.4630012512207,29121472,Africa,1739.467529296875,0.6389999985694885,55.40700149536133,44.59299850463867,NA,NA,NA,79.039642333984375,3.329778432846069,0.6019999980926514,41.04730987548828,36.5758056640625,44.64609146118164,63.40000152587891,5,NA,NA,NA,16.24139976501465,7.900000095367432,NA,0.6520000100135803,4996.638671875,32.20000076293945,NA,2,0.091780789
GIN,324,Guinea,438,324,0.7147992253303528,29176885248,60.70600128173828,12067539,Africa,869.01898193359375,0.8600000143051147,35.79299926757813,64.207000732421875,NA,NA,NA,32.00384140014648,4.274824619293213,0.4709999859333038,17.44971656799316,12.52171802520752,26.28977012634277,59.79999923706055,6,NA,NA,NA,14.39844036102295,6.050000190734863,NA,0.193000003695488,2417.799072265625,NA,3,3,-0.70090574
GMB,270,Gambia,420,270,1.060978889465332,4588632576,61.43999862670898,2213894,Africa,760.12469482421875,0.2479999959468842,60.5989990234375,39.4010009765625,NA,NA,NA,50.77796936035156,3.340842247009277,0.4799999892711639,7.876266479492188,1.101042985916138,12.28146457672119,61.90000152587891,5,NA,NA,NA,10.85109996795654,6.900000095367432,NA,0.2919999957084656,2072.65234375,28.70000076293945,1,2,-0.084034517
GNB,624,Guinea-Bissau,404,624,0.5931375026702881,3519615744,57.67300033569336,1828146,Africa,615.03887939453125,0.8759999871253967,42.94499969482422,57.05500030517578,NA,NA,NA,45.58116149902344,6.847081184387207,0.4699999988079071,6.402936935424805,4.623915672302246,8.766473770141602,59.79999923706055,7,NA,NA,NA,22.73094940185547,6.25,NA,0.2730000019073486,1925.23779296875,NA,NA,2,-0.49858513
GNQ,226,Equatorial Guinea,411,226,0.5851467847824097,28459489280,58.06100082397461,1262001,Africa,11225.3720703125,0.8899999856948853,71.64600372314453,28.35400009155273,NA,NA,NA,NA,3.010814189910889,0.5839999914169312,24.63996887207031,20.29199981689453,26.44919967651367,59.5,2,NA,NA,NA,0.975250005722046,2.816666603088379,NA,0.0500000007450581,22551.083984375,NA,2,3,-0.17045896
GRC,300,Greece,350,300,4.150454998016357,307521159168,81.28780364990234,10754679,Europe,23052.986328125,0.2119999974966049,78.7239990234375,21.27599906921387,1.8865181,1.672448,0.57721382,97.93595123291016,7.965225219726563,0.8790000081062317,NA,NA,NA,81.19999694824219,0,NA,NA,1972,31.94050025939941,NA,6.758333206176758,0.7850000262260437,28594.173828125,25.89999961853027,NA,2,-0.07359606
GRD,308,Grenada,55,308,1.887963533401489,1798099072,72.38800048828125,110874,Americas,8775.8984375,NA,36.16400146484375,63.83599853515625,NA,NA,NA,98.59999847412108,4.597764492034912,0.7699999809265137,NA,NA,NA,73.4000015258789,5,NA,NA,NA,20.4870491027832,NA,NA,NA,16217.5,NA,NA,NA,1.0089401
GTM,320,Guatemala,90,320,2.083958864212036,133804916736,73.80999755859375,16087418,Americas,3286.7412109375,0.7760000228881836,50.68000030517578,49.31999969482422,NA,NA,0.52908069,81.28589630126953,5.813843727111816,0.6549999713897705,76.6655044555664,69.92723083496094,83.22295379638672,73.19999694824219,2,NA,NA,NA,8.53794002532959,5.050000190734863,NA,0.4760000109672546,8317.3642578125,38,2,3,-0.65059304
GUY,328,Guyana,110,328,3.689136981964111,9306806272,69.6240005493164,775221,Americas,5604.56494140625,0.4839999973773956,26.53800010681152,73.46199798583984,NA,NA,NA,85.63973236083984,5.6597900390625,0.6769999861717224,77.15941619873047,78.04448699951172,74.7093734741211,66.19999694824219,5,NA,NA,NA,26.6495304107666,NA,NA,0.4769999980926514,12005.3583984375,NA,NA,2,-0.04310289
HND,340,Honduras,91,340,2.841644525527954,52444135424,74.89800262451172,9429013,Americas,2176.295166015625,0.8529999852180481,56.45700073242188,43.54299926757813,NA,NA,NA,87.20523834228516,7.000699043273926,0.6299999952316284,84.16925048828125,80.33214569091797,87.20707702636719,75.19999694824219,2,NA,NA,NA,21.40516090393066,5.800000190734863,NA,0.2339999973773956,5561.99609375,37.70000076293945,3,4,-0.56485188
HRV,191,Croatia,344,191,5.615520477294922,110016774144,77.82682800292969,4124531,Europe,15396.80078125,0.4440000057220459,56.66699981689453,43.33300018310547,NA,NA,NA,NA,6.778273105621338,0.8450000286102295,NA,NA,NA,78.30000305175781,0,NA,NA,NA,28.88567924499512,8.350000381469727,5.775000095367432,0.5479999780654907,26673.765625,22.79999923706055,NA,2,0.6918686
HTI,332,Haiti,41,332,0.9527046084403992,32738002944,63.29000091552734,10982366,Americas,1277.374389648438,0.8849999904632568,54.34600067138672,45.65399932861328,2.0132382,2.0131247,0.65316314,61.69134902954102,8.084683418273926,0.5049999952316284,22.86274719238281,15.99805355072021,28.62951278686523,63.5,6,NA,NA,NA,10.62392044067383,4.099999904632568,NA,0.2430000007152557,2980.9609375,NA,2,2,-0.67439497
HUN,348,Hungary,310,348,4.6645827293396,291995549696,75.81707000732422,9787966,Europe,15912.0146484375,0.4790000021457672,71.06199645996094,28.9379997253418,NA,NA,NA,99.09999847412108,6.792275428771973,0.8460000157356262,NA,NA,NA,76,0,NA,NA,2681,28.58783149719238,7.150000095367432,3.5,0.4690000116825104,29832.09765625,23.89999961853027,NA,2,0.80637878
IDN,360,Indonesia,850,360,1.334011197090149,2894125596672,71.28199768066406,264645888,Asia,4120.52197265625,0.6970000267028809,54.65900039672852,45.34099960327148,2.0227096,1.8381759,0.70531237,95.65856170654295,2.868240594863892,0.7070000171661377,64.20362091064453,55.28730010986328,71.59992980957031,69.30000305175781,1,NA,NA,1151,31.6060791015625,6.5,NA,0.5199999809265137,10935.841796875,29.60000038146973,3,3,-0.4978494
IND,356,India,750,356,0.959105670452118,8280935497728,69.16500091552734,1338658816,Asia,1986.632934570313,0.4869999885559082,33.59999847412109,66.4000015258789,NA,NA,NA,74.37299346923828,3.535006523132324,0.6399999856948853,59.54968643188477,49.32271575927734,79.7601318359375,68.80000305175781,5,1264,1162,955,30.90509986877441,7.599999904632568,NA,0.3930000066757202,6185.99365234375,NA,3,3,-0.76469922
IRL,372,Ireland,205,372,5.207727909088135,375592484864,82.156097412109375,4807388,Europe,71755.96875,0.0379999987781048,62.94699859619141,37.05300140380859,NA,NA,NA,NA,7.154849052429199,0.9470000267028807,NA,NA,NA,81.5,0,NA,NA,NA,31.39500045776367,NA,8.270833015441895,0.7940000295639038,78128.1796875,25.89999961853027,NA,1,1.0022148
IRN,364,Iran,630,364,4.437844276428223,1172665401344,76.27100372314453,80673952,Asia,6948.705078125,0.8259999752044678,74.39399719238281,25.60600090026855,2.1108816,1.8417509,0.59328729,85.54425048828125,8.659664154052734,0.7870000004768372,NA,NA,NA,75.69999694824219,0,NA,NA,NA,6.656799793243408,2.916666746139526,NA,0.1519999951124191,14535.8623046875,31.29999923706055,4,4,-0.93388242
IRQ,368,Iraq,645,368,1.726754188537598,412027977728,70.29399871826172,37552780,Asia,5635.6591796875,0.7929999828338623,70.27799987792969,29.72200012207031,1.7916666,1.7383333,1.0951933,85.5999984741211,4.125017166137695,0.6669999957084656,94.5759506225586,90.3325653076172,96.37056732177734,69.80000305175781,5,NA,NA,NA,31.45800018310547,3.599999904632568,NA,0.2750000059604645,10971.9697265625,NA,5,5,-2.3067181
ISL,352,Iceland,395,352,6.830180644989014,19080136704,82.66097259521484,343400,Europe,51045.94140625,0.0219999998807907,93.77300262451172,6.22700023651123,NA,NA,NA,NA,8.343257904052734,0.9430000185966492,NA,NA,NA,82.4000015258789,0,NA,NA,NA,41.38399887084961,NA,6.800000190734863,0.8159999847412109,55562.42578125,22.5,NA,NA,1.3480258
ISR,376,Israel,666,376,4.787129878997803,339528220672,82.55121612548828,8713300,Asia,34243.01171875,0.1330000013113022,92.33599853515624,7.664000034332275,NA,NA,NA,NA,7.497668266296387,0.912999987602234,NA,NA,NA,82.30000305175781,0,NA,NA,NA,35.53900146484375,NA,6.429166793823242,0.5789999961853027,38966.6640625,27.79999923706055,4,4,-0.88783079
ITA,380,Italy,325,380,6.398563861846924,2529503739904,82.94634246826172,60536708,Europe,35086.4765625,0.210999995470047,70.14399719238281,29.85600090026855,NA,NA,NA,99.15576171875,8.677740097045898,0.8859999775886536,NA,NA,NA,82.80000305175781,0,2403.942626953125,2603.631103515625,3264,39.21813201904297,NA,7.295833110809326,0.8159999847412109,41784.625,26.70000076293945,NA,2,0.30672821
JAM,388,Jamaica,51,388,4.060363292694092,28035430400,74.266998291015625,2920853,Americas,4785.6533203125,0.1299999952316284,55.37799835205078,44.62200164794922,NA,NA,NA,88.0999984741211,6.143779277801514,0.734000027179718,66.42451477050781,63.07185745239258,69.18616485595703,76,5,NA,NA,926,15.07071399688721,8.300000190734863,NA,0.7229999899864197,9598.37109375,NA,NA,3,0.309154
JOR,400,Jordan,663,400,3.637468099594116,97893384192,74.29199981689453,9779173,Asia,3305.668212890625,0.4979999959468842,90.74700164794922,9.253000259399414,1.5767918,1.6296296,1.0187618,98.22711181640624,8.119251251220703,0.7260000109672546,NA,NA,NA,74.30000305175781,5,NA,NA,NA,0.8949999809265137,4.366666793823242,NA,0.2339999973773956,10010.39453125,NA,2,2,-0.49787542
JPN,392,Japan,740,392,9.092106819152832,5180326150144,84.0997543334961,126785800,Asia,48510.609375,0.0719999969005585,91.535003662109375,8.46500015258789,2.1169317,1.8601583,0.11304348,NA,10.79634284973145,0.915000021457672,NA,NA,NA,84.19999694824219,0,1061,1073,2123.25048828125,17.47388076782227,NA,5.804166793823242,0.7300000190734863,40858.8828125,NA,1,1,1.1119269
KAZ,398,Kazakhstan,705,398,1.938206911087036,448472612864,72.94999694824219,18037776,Asia,10867.73828125,0.8700000047683716,57.33599853515625,42.66400146484375,1.9133859,1.6466101,0.45348838,99.78163146972656,3.125884056091309,0.8149999976158142,98.99937438964844,98.70671844482422,99.21714782714844,71.0999984741211,0,NA,NA,NA,1.185524940490723,3.799999952316284,NA,0.1280000060796738,24862.966796875,23,3,2,0.041148175
KEN,404,Kenya,501,404,2.062946319580078,203206541312,65.90899658203125,50221472,Africa,1156.42529296875,0.5899999737739563,26.5620002746582,73.43800354003906,NA,NA,NA,81.53497314453125,4.836995601654053,0.5950000286102295,24.65104293823242,22.11406326293945,31.66522789001465,66.69999694824219,5,NA,NA,NA,6.174499988555908,6.25,NA,0.3490000069141388,4046.20849609375,31.60000038146973,4,3,-1.1317524
KGZ,417,Kyrgyzstan,703,417,2.347674608230591,31280404480,71.19999694824219,6198200,Asia,1072.49365234375,0.8629999756813049,36.1349983215332,63.8650016784668,1.7055191,1.7129402,0.46639472,99.58599853515624,6.185863018035889,0.6940000057220459,89.22039794921875,86.80387115478516,93.49137115478516,71.4000015258789,0,NA,NA,NA,19.31999969482422,6.150000095367432,NA,0.2960000038146973,5046.69140625,23.29999923706055,3,3,-0.42714217
KHM,116,Cambodia,811,116,1.090707302093506,62890958848,69.28900146484375,16009414,Asia,1135.844360351563,0.8899999856948853,22.97999954223633,77.0199966430664,NA,NA,NA,80.5264892578125,5.928472995758057,0.5820000171661377,66.22862243652344,59.65984725952148,88.24459075927734,69.4000015258789,6,NA,NA,NA,22.31295967102051,3.566666603088379,NA,0.0820000022649765,3928.373779296875,NA,3,4,0.091168374
KIR,296,Kiribati,946,296,8.153971672058105,255409856,67.85099792480469,114158,Oceania,1763.22998046875,NA,53.26200103759766,46.73799896240234,NA,NA,NA,NA,10.77510738372803,0.6269999742507935,NA,NA,NA,66.0999984741211,5,NA,NA,NA,11.62399959564209,NA,NA,NA,2237.33642578125,NA,NA,NA,0.88122773
KNA,659,St Kitts and Nevis,60,659,2.461822986602783,1319637760,NA,52036,Americas,16589.466796875,NA,30.77300071716309,69.22699737548828,NA,NA,NA,NA,5.691998481750488,0.7699999809265137,NA,NA,NA,NA,5,NA,NA,NA,34.62491989135742,NA,NA,NA,25360.091796875,NA,NA,NA,0.64692152
KOR,410,"Korea, South",732,410,4.115888118743896,2105893191680,82.6268310546875,51361912,Asia,27492.576171875,0.1260000020265579,81.50299835205078,18.49699974060059,2.0634539,1.5911647,0.25605536,NA,7.106949329376221,0.9120000004768372,NA,NA,NA,82.69999694824219,0,NA,NA,NA,34.93016815185547,8.449999809265137,6.220833301544189,0.7459999918937683,41001.06640625,NA,1,2,0.32132259
KWT,414,Kuwait,690,414,4.623860359191895,206274936832,75.31099700927734,4056099,Asia,33359.4296875,0.4979999959468842,100,0,NA,NA,0.96872127,96.03594970703124,5.295266151428223,0.8050000071525574,NA,NA,NA,74.80000305175781,5,NA,NA,NA,0,4.5,NA,0.2820000052452087,50855.5,NA,2,2,-0.045894034
LAO,418,Laos,812,418,0.8885542750358582,50463793152,67.2770004272461,6953035,Asia,1706.793212890625,0.8330000042915344,34.36800003051758,65.63200378417969,NA,NA,NA,84.661041259765625,2.525148630142212,0.6079999804496765,49.83915710449219,40.62462615966797,67.43599700927734,65.80000305175781,6,NA,NA,NA,1.839740037918091,2.916666746139526,NA,0.0839999988675117,7257.80810546875,NA,NA,2,0.39657831
LBN,422,Lebanon,660,422,4.35164213180542,109025779712,78.83300018310547,6811873,Asia,6370.88916015625,0.6949999928474426,88.42900085449219,11.57100009918213,2.27,1.665,0.43178409,95.06944274902344,8.44765567779541,0.7480000257492065,NA,NA,NA,76.30000305175781,6,NA,NA,NA,19.22400093078613,4.866666793823242,NA,0.2899999916553497,16005.2568359375,NA,3,3,-1.6273017
LBR,430,Liberia,450,430,1.403089165687561,7126900224,63.29499816894531,4702228,Africa,548.01055908203125,0.8349999785423279,50.69699859619141,49.30300140380859,NA,NA,NA,48.30136108398438,8.156045913696289,0.4810000061988831,1.188480496406555,0.5990519523620605,1.761701703071594,62.90000152587891,0,NA,NA,NA,22.62248039245605,6.550000190734863,NA,0.5139999985694885,1515.643310546875,27.10000038146973,NA,1,-0.36159989
LBY,434,Libya,620,434,NA,87115612160,72.5199966430664,6580724,Africa,7085.81201171875,0.7799999713897705,79.81700134277344,20.1830005645752,1.718951,1.7484527,1.0347205,NA,NA,0.7139999866485596,NA,NA,NA,71.9000015258789,3,NA,NA,NA,7.063000202178955,2.566666603088379,NA,0.1800000071525574,13237.998046875,NA,5,5,-2.3618312
LCA,662,St Lucia,56,662,2.241433620452881,2704505088,75.90699768066406,180955,Americas,9046.2744140625,NA,18.61199951171875,81.38800048828125,NA,NA,NA,NA,4.714624404907227,0.7590000033378601,87.20196533203125,87.058349609375,87.83221435546875,75.5999984741211,5,NA,NA,NA,21.43040084838867,NA,NA,NA,14945.7333984375,38.59999847412109,NA,NA,0.98921716
LIE,438,Liechtenstein,223,438,NA,NA,83.746337890625,37800,Europe,NA,NA,14.3149995803833,85.68499755859375,NA,NA,NA,NA,NA,0.9160000085830688,NA,NA,NA,NA,0,NA,NA,NA,NA,NA,NA,NA,NA,NA,NA,NA,1.4810559
LKA,144,Sri Lanka,780,144,1.617464184761047,269853540352,76.64800262451172,21444000,Asia,3860.150390625,0.4760000109672546,18.38400077819824,81.615997314453125,NA,NA,NA,91.895751953125,3.809753894805908,0.7749999761581421,NA,NA,NA,75.30000305175781,5,NA,NA,2056,29.42362976074219,6.550000190734863,NA,0.4539999961853027,12584.1044921875,32.90000152587891,3,3,-0.071189493
LSO,426,Lesotho,570,426,5.629796028137207,5820641280,52.94699859619141,2091412,Africa,1391.9365234375,0.4749999940395355,27.72999954223633,72.2699966430664,NA,NA,NA,76.63520050048828,8.947503089904785,0.5170000195503235,2.117111444473267,0.6511532664299011,5.937695503234863,52.90000152587891,5,NA,NA,NA,15.49454021453857,5.599999904632568,NA,0.3689999878406525,2783.11572265625,32.90000152587891,NA,3,-0.18670136
LTU,440,Lithuania,368,440,4.219694137573242,95675654144,75.48048400878906,2828403,Europe,16908.126953125,0.1389999985694885,67.51599884033203,32.48400115966797,NA,NA,NA,NA,6.476198673248291,0.8730000257492065,NA,NA,NA,75,0,NA,NA,NA,31.01000022888184,9.449999809265137,8.120833396911621,0.7559999823570251,33826.7421875,28.39999961853027,NA,1,0.77561861
LUX,442,Luxembourg,212,442,4.457643985748291,67280183296,82.095123291015625,596336,Europe,109452.9609375,0.0710000023245811,90.72699737548828,9.27299976348877,NA,NA,NA,NA,5.257791519165039,0.912999987602234,NA,NA,NA,82.4000015258789,0,NA,NA,NA,28.13957595825195,NA,7.833333492279053,0.8130000233650208,112822.609375,25.79999923706055,NA,NA,1.3257341
LVA,428,Latvia,367,428,3.433912992477417,55672078336,74.62926483154297,1942248,Europe,15512.7255859375,0.1739999949932098,68.07499694824219,31.92499923706055,NA,NA,NA,99.88931274414064,6.006966590881348,0.859000027179718,NA,NA,NA,75,0,NA,NA,NA,29.53300094604492,8.75,7.866666793823242,0.6850000023841858,28663.732421875,26.89999961853027,NA,1,0.46209571
MAR,504,Morocco,600,504,2.250477075576782,264212938752,76.21800231933594,35581296,Africa,3305.419189453125,0.4690000116825104,61.90800094604492,38.09199905395508,NA,NA,NA,73.75000762939453,5.236238479614258,0.6729999780654907,NA,NA,NA,76,6,NA,NA,NA,2.821500062942505,3.799999952316284,NA,0.2770000100135803,7314.154296875,NA,2,3,-0.37395608
MCO,492,Monaco,221,492,1.409738063812256,NA,NA,38392,Europe,186185.109375,NA,100,0,NA,NA,NA,NA,1.642667889595032,NA,NA,NA,NA,NA,0,NA,NA,NA,NA,NA,NA,NA,NA,NA,NA,NA,1.6300037
MDA,498,Moldova,359,498,3.549746513366699,32101220352,71.71700286865234,2755158,Europe,3321.6220703125,0.7689999938011169,42.55699920654297,57.44300079345703,NA,NA,NA,99.359893798828125,7.013285160064697,0.7429999709129333,86.97941589355469,82.25891876220703,93.36310577392578,71.5,0,NA,NA,NA,32.22100067138672,6.199999809265137,NA,0.4180000126361847,11651.3173828125,21.70000076293945,NA,2,-0.31896803
MDG,450,Madagascar,580,450,2.581866979598999,40514543616,66.31099700927734,25570540,Africa,481.3831481933594,0.8650000095367432,36.52199935913086,63.47800064086914,NA,NA,NA,74.8043212890625,5.505099296569824,0.5260000228881836,50.54035186767578,40.24674224853516,69.495758056640625,66.0999984741211,6,NA,NA,NA,12.52299976348877,5.349999904632568,NA,0.2560000121593475,1584.422729492188,NA,NA,2,-0.30126366
MDV,462,Maldives,781,462,6.45244026184082,8964243456,78.32499694824219,496402,Asia,7837.38671875,0.6449999809265137,39.38000106811523,60.61999893188477,NA,NA,NA,97.73494720458984,9.02997589111328,0.7310000061988831,95.80286407470705,94.97420501708984,97.07846832275392,78.4000015258789,5,NA,NA,NA,28.93077087402344,NA,NA,0.1449999958276749,18058.435546875,25.20000076293945,3,3,0.23196177
MEX,484,Mexico,70,484,2.842918157577515,2472586248192,74.9469985961914,124777328,Americas,10277.8837890625,0.6940000057220459,79.86699676513672,20.13299942016602,2.0929673,1.9237069,0.7251668,94.9727783203125,5.518895149230957,0.7710000276565552,87.84668731689453,79.78346252441406,89.8792724609375,76.5999984741211,2,799,1476,1822,26.37815093994141,6.099999904632568,4.670833110809326,0.4460000097751617,19815.990234375,36.40000152587891,4,4,-0.71532297
MHL,584,Marshall Islands,983,584,6.323071002960205,219199424,NA,58058,Oceania,2977.796630859375,NA,76.634002685546875,23.36599922180176,NA,NA,NA,NA,16.40007591247559,0.6990000009536743,82.502166748046875,76.75140380859375,84.25559997558594,NA,4,NA,NA,NA,8.574899673461914,NA,NA,NA,3775.52490234375,NA,NA,NA,0.87435156
MKD,807,North Macedonia,343,807,3.756749629974365,32331128832,75.58899688720703,2081996,Europe,5300.81494140625,0.5889999866485596,57.74800109863281,42.25199890136719,NA,NA,NA,97.8000030517578,6.593982696533203,0.7670000195503235,NA,NA,NA,75.9000015258789,0,NA,NA,NA,27.66119956970215,6.449999809265137,NA,0.3379999995231628,15528.91015625,23.79999923706055,NA,2,-0.25432289
MLI,466,Mali,432,466,1.243927121162415,41593675776,58.45199966430664,18512394,Africa,766.142333984375,0.746999979019165,41.57199859619141,58.42800140380859,NA,NA,NA,35.47377014160156,4.103882789611816,0.4269999861717224,52.23208236694336,39.30280303955078,70.40373992919922,58,6,NA,NA,NA,11.79107570648193,5.949999809265137,NA,0.3409999907016754,2246.8017578125,NA,3,4,-1.9065895
MLT,470,Malta,338,470,5.78442907333374,20056530944,82.346343994140625,467999,Europe,28201.5234375,0.2569999992847443,94.54599761962892,5.453999996185303,NA,NA,NA,94.50318908691406,9.196669578552246,0.8880000114440918,NA,NA,NA,81.5,0,NA,NA,NA,30.40644836425781,NA,5.741666793823242,0.5730000138282776,42855.92578125,23.29999923706055,NA,1,1.2491397
MMR,104,Myanmar,775,104,0.7531139254570007,253028630528,66.55799865722656,53382580,Asia,1482.662719726563,0.460999995470047,30.32200050354004,69.6780014038086,1.8491666,1.8866667,0.77453274,75.55120086669922,5.090399265289307,0.5720000267028809,79.2870864868164,73.7760009765625,91.951202392578125,66.80000305175781,5,NA,NA,NA,2.599200010299683,3.5,NA,0.2140000015497208,4739.91015625,25.5,5,5,-1.0846779
MNE,499,Montenegro,341,NA,5.055074214935303,12215365632,76.66699981689453,622373,Europe,7852.4599609375,0.6570000052452087,66.47699737548828,33.52299880981445,NA,NA,NA,98.84718322753906,8.423042297363281,0.8220000267028809,NA,NA,NA,76.80000305175781,0,NA,NA,NA,36.50119781494141,7.550000190734863,NA,0.3389999866485596,19627.08203125,27.70000076293945,NA,1,-0.057770703
MNG,496,Mongolia,712,496,2.470654487609863,35222425600,69.509002685546875,3113779,Asia,3997.48583984375,0.628000020980835,68.36299896240234,31.63699913024902,NA,NA,NA,98.4231185913086,4.005061149597168,0.7279999852180481,71.17955017089844,48.8808708190918,81.4989242553711,69.80000305175781,0,NA,NA,NA,6.728000164031982,7.400000095367432,NA,0.5099999904632568,11311.7939453125,25.70000076293945,NA,3,0.78880471
MOZ,508,Mozambique,541,508,1.742928624153137,36775579648,59.30899810791016,28649008,Africa,589.71905517578125,0.5630000233650208,35.45500183105469,64.54499816894531,NA,NA,NA,60.65542984008789,8.140486717224121,0.4460000097751617,12.22698402404785,7.589486122131348,21.07058334350586,60.09999847412109,7,NA,NA,NA,7.452000141143799,4.483333110809326,NA,0.2599999904632568,1283.659912109375,45.5,2,3,-0.92811185
MRT,478,Mauritania,435,478,1.706366658210754,21743464448,64.46399688720703,4282574,Africa,1715.610717773438,0.9029999971389772,52.82400131225586,47.17599868774414,NA,NA,NA,53.49758911132813,4.504951953887939,0.5400000214576721,42.99905014038086,29.32396125793457,55.21197891235352,63.90000152587891,6,NA,NA,NA,4.766551971435547,4.216666698455811,NA,0.1330000013113022,5077.1953125,24.89999961853027,2,3,-0.62685871
MUS,480,Mauritius,590,480,2.45287299156189,27081834496,74.51463317871094,1264613,Africa,10199.4794921875,0.4740000069141388,40.84099960327148,59.15900039672852,NA,NA,NA,91.3253936767578,5.716695785522461,0.796999990940094,NA,NA,NA,74.80000305175781,5,NA,NA,NA,26.27904510498047,8.5,NA,0.7080000042915344,21415.115234375,29.89999961853027,NA,NA,0.97091603
MWI,454,Malawi,553,454,2.955021619796753,18333706240,63.27899932861328,17670260,Africa,512.6456298828125,0.7239999771118164,16.7140007019043,83.28600311279297,NA,NA,NA,62.14353942871094,9.642430305480955,0.4729999899864197,8.70395565032959,7.380353450775146,15.29947853088379,64.19999694824219,5,NA,NA,NA,19.34075927734375,6.449999809265137,NA,0.4399999976158142,1037.5458984375,38.09999847412109,NA,1,-0.25115505
MYS,458,Malaysia (1966-),820,458,1.925225019454956,829297000448,75.8280029296875,31105028,Asia,11736.8486328125,0.546999990940094,75.4469985961914,24.55299949645996,2.1881187,1.7958872,0.48651686,95.08264923095705,3.712460517883301,0.8050000071525574,NA,NA,NA,75.30000305175781,5,NA,NA,817.74298095703125,18.66448783874512,4.783333301544189,NA,0.193000003695488,26661.1875,31.29999923706055,3,3,0.11635213
"NAM",516,Namibia,565,516,3.854790210723877,24147363840,63.02099990844727,2402603,Africa,6013.29345703125,0.1509999930858612,49.00500106811523,50.99499893188477,NA,NA,NA,91.52726745605467,8.289222717285156,0.6439999938011169,44.59990310668945,27.48042678833008,62.41456985473633,63.70000076293945,5,NA,NA,NA,6.73960018157959,7.5,NA,0.5730000138282776,10050.5009765625,47.29999923706055,NA,2,0.62819988
NER,562,Niger,436,562,2.590417385101318,25138434048,61.5989990234375,21602472,Africa,535.17486572265625,0.6029999852180481,16.35000038146973,83.6500015258789,NA,NA,NA,35.04999923706055,7.6622314453125,0.386000007390976,NA,NA,NA,59.79999923706055,6,NA,NA,NA,12.60000038146973,6.300000190734863,NA,0.4280000030994415,1163.683227539063,27,NA,3,-1.2655694
NGA,566,Nigeria,475,566,0.5326576828956604,990700109824,53.95000076293945,190873312,Africa,2399.731201171875,0.8149999976158142,49.51900100708008,50.48099899291992,1.9443165,1.7970108,1.0897113,62.01601028442383,3.755538463592529,0.531000018119812,41.94891357421875,31.25805473327637,52.84746551513672,55.20000076293945,5,NA,NA,NA,7.400000095367432,5.349999904632568,NA,0.382999986410141,5190.3544921875,26.70000076293945,4,5,-1.9988269
NIC,558,Nicaragua,93,558,4.836943626403809,38334779392,74.06800079345703,6384855,Americas,1957.843994140625,0.8090000152587891,58.29899978637695,41.70100021362305,2.121537,1.9322183,1.066732,82.61454772949219,8.316932678222656,0.6610000133514404,NA,NA,NA,75.5,2,NA,NA,NA,11.89999961853027,4.916666507720947,NA,0.1019999980926514,6004.01708984375,37.20000076293945,4,2,-0.048922233
NLD,528,Netherlands,210,528,6.488814353942871,948181467136,81.76097869873047,17131296,Europe,53942.0859375,0.0230000000447035,91.07700347900392,8.92300033569336,NA,NA,NA,NA,10.05979824066162,0.9390000104904176,NA,NA,NA,81.5999984741211,0,4270.0537109375,3377.00537109375,5306,43.1619987487793,NA,7.300000190734863,0.8320000171661377,55347.9140625,23.29999923706055,NA,1,0.92090732
NOR,578,Norway,385,578,8.780954360961914,332135464960,82.60975646972656,5276968,Europe,91549.0390625,0.0140000004321337,81.871002197265625,18.12899971008301,NA,NA,NA,NA,10.31589031219482,0.9539999961853028,NA,NA,NA,82.5,0,NA,NA,3249,39,NA,8.991666793823242,0.8539999723434448,62940.5859375,21.60000038146973,NA,1,1.170228
NPL,524,Nepal,790,524,1.225829124450684,85624913920,70.16899871826172,27627124,Asia,779.2039794921875,0.6930000185966492,19.33600044250488,80.66400146484375,NA,NA,NA,67.90843200683594,5.488254547119141,0.5879999995231628,47.78184127807617,43.05947875976563,67.48210906982422,70.19999694824219,0,NA,NA,NA,21.76049995422363,4.900000095367432,NA,0.5350000262260437,3099.30615234375,NA,1,3,-0.69109339
NRU,520,Nauru,970,520,8.429483413696289,137347504,NA,12876,Oceania,7572.7919921875,NA,100,0,NA,NA,NA,NA,11.58332347869873,NA,NA,NA,NA,NA,10,NA,NA,NA,NA,NA,NA,NA,10666.9384765625,NA,NA,2,0.51870805
NZL,554,New Zealand,920,554,6.805854797363281,198913458176,81.658538818359375,4793900,Oceania,37725.12109375,0.0179999992251396,86.46600341796875,13.53400039672852,2.4117646,2.0697012,0.38499999,NA,9.019676208496094,0.9259999990463256,NA,NA,NA,82.19999694824219,0,NA,NA,6851,24.42682266235352,NA,8.425000190734863,0.8270000219345093,41493.03515625,NA,NA,1,1.5872319
OMN,512,Oman,698,512,3.463041305541992,135696695296,77.39299774169922,4665935,Asia,16067.072265625,0.2080000042915344,83.55999755859375,16.44000053405762,NA,NA,NA,95.57599639892578,3.973528861999512,0.8190000057220459,NA,NA,NA,77,5,NA,NA,NA,0,3,NA,0.1289999932050705,29082.423828125,NA,2,2,0.75420755
PAK,586,Pakistan (1971-),770,586,0.9166914224624634,950381903872,66.9469985961914,207896688,Asia,1155.363403320313,0.7570000290870667,36.44200134277344,63.55799865722656,2.4772727,1.8693058,0.89461625,59.13204956054688,2.902293682098389,0.550000011920929,59.60691070556641,46.05344009399414,83.2453384399414,66.5,5,NA,NA,NA,16.0814151763916,3.700000047683716,NA,0.2669999897480011,4571.41455078125,28.89999961853027,3,4,-2.4059033
PAN,591,Panama,95,591,4.387450218200684,125070737408,78.14900207519531,4106771,Americas,11530.0712890625,0.5640000104904175,67.36499786376953,32.6349983215332,NA,NA,NA,95.41181182861328,6.899144649505615,0.8109999895095825,NA,NA,NA,78,2,NA,NA,NA,31.85420417785645,7.300000190734863,NA,0.5649999976158142,30454.763671875,37.70000076293945,NA,1,0.38970882
PER,604,Peru,135,604,3.163648128509521,393259057152,76.28600311279297,31444296,Americas,6314.29150390625,0.4810000061988831,77.720001220703125,22.28000068664551,1.9603993,1.7888241,0.78354341,94.1496124267578,4.993784427642822,0.7670000195503235,NA,55.50666809082031,NA,75.9000015258789,2,921,1157,1084,28.78075981140137,6.599999904632568,NA,0.6439999938011169,12506.5302734375,32.29999923706055,2,2,-0.25953537
PHL,608,Philippines,840,608,1.418758869171143,854095495168,70.9520034790039,105173264,Asia,3042.686767578125,0.6660000085830688,46.68199920654297,53.31800079345703,2.2067616,1.7828825,0.72377622,98.18254852294922,4.446059703826904,0.7080000042915344,78.46295928955078,72.61852264404297,85.1382064819336,69.30000305175781,4,NA,NA,NA,25.86782073974609,6.300000190734863,NA,0.3519999980926514,8120.84228515625,34.79999923706055,5,5,-1.1849008
PLW,585,Palau,986,585,6.139681816101074,317717248,NA,17808,Oceania,12257.7158203125,NA,79.36499786376953,20.63500022888184,NA,NA,NA,96.59374237060548,12.12845134735107,0.8220000267028809,NA,NA,NA,NA,4,NA,NA,NA,NA,NA,NA,NA,17841.265625,NA,NA,NA,0.87435156
PNG,598,Papua New Guinea,910,598,1.712509036064148,36190433280,64.01000213623047,8438029,Oceania,2452.32666015625,0.7059999704360962,13.10200023651123,86.89800262451172,NA,NA,NA,NA,2.270854711532593,0.5490000247955322,NA,NA,NA,65.9000015258789,10,NA,NA,NA,20.93000030517578,6.300000190734863,NA,0.382999986410141,4288.9677734375,NA,3,2,-0.69777602
POL,616,Poland,290,616,4.515968322753906,1145323651072,77.753662109375,37974824,Europe,15802.705078125,0.0769999995827675,60.10499954223633,39.89500045776367,NA,NA,NA,NA,6.561728477478027,0.8730000257492065,NA,NA,NA,77.80000305175781,0,1038,985,2700,26.25544929504395,8.550000190734863,5.287499904632568,0.5659999847412109,30160.078125,23.5,NA,2,0.51824665
PRK,408,"Korea, North",731,408,NA,NA,71.910003662109375,25429984,Asia,NA,0.6880000233650208,61.67800140380859,38.32199859619141,NA,NA,NA,NA,NA,NA,NA,NA,NA,71.9000015258789,0,NA,NA,NA,0,2.599999904632568,NA,0.0130000002682209,NA,NA,5,5,-0.50210583
PRT,620,Portugal,235,620,5.692553520202637,340796735488,81.42439270019531,10300300,Europe,23380.693359375,0.1280000060796738,64.6520004272461,35.34799957275391,NA,NA,NA,96.13758850097656,9.330049514770508,0.8579999804496765,NA,NA,NA,81.5,0,1258.48095703125,1572.123657226563,2075,26.53854942321777,NA,7.487500190734863,0.8519999980926514,33086.09765625,26.70000076293945,NA,1,1.1183457
PRY,600,Paraguay,150,600,3.025814533233643,86486122496,73.99199676513672,6867062,Americas,5272.36083984375,0.8080000281333923,61.29999923706055,38.70000076293945,NA,NA,NA,94.0207977294922,6.654568672180176,0.7260000109672546,79.60152435302734,71.89207458496094,84.46867370605469,74.19999694824219,2,NA,NA,NA,18.61470413208008,6.449999809265137,NA,0.4300000071525574,12594.341796875,39.20000076293945,NA,2,0.0017337161
QAT,634,Qatar,694,634,2.105166435241699,249963053056,79.98100280761719,2724724,Asia,64472.84765625,0.4639999866485596,99.0780029296875,0.921999990940094,NA,NA,NA,93.46396636962892,2.721600770950317,0.8479999899864197,NA,NA,NA,78.0999984741211,5,NA,NA,NA,0,3.733333349227905,NA,0.0829999968409538,91738.8515625,NA,1,1,0.66100353
ROU,642,Romania,360,642,4.047853469848633,532611104768,75.30975341796875,19587290,Europe,10981.640625,0.5820000171661377,53.93600082397461,46.06399917602539,2.1935079,1.8071036,0.60109824,98.84449768066406,5.150831699371338,0.8209999799728394,NA,NA,NA,75.19999694824219,0,NA,NA,615,24.9835205078125,8.149999618530273,5.099999904632568,0.4930000007152557,27191.66796875,24.89999961853027,NA,2,0.056355007
RUS,643,Russia,365,643,3.050754547119141,3818780622848,72.43195343017578,144496736,Europe,11550.525390625,0.7879999876022339,74.29199981689453,25.70800018310547,1.5602089,1.5017091,0.37986839,99.73005676269533,5.343880653381348,0.8199999928474426,NA,NA,NA,71.9000015258789,0,NA,NA,NA,13.29977989196777,4.550000190734863,NA,0.1150000020861626,26005.98046875,29.20000076293945,3,4,-0.64055043
RWA,646,Rwanda,517,646,2.256427526473999,23665375232,68.34100341796875,11980937,Africa,799.46685791015625,0.3179999887943268,17.125,82.875,NA,NA,NA,73.21559143066406,6.930171012878418,0.5350000262260437,4.617278575897217,2.797956943511963,13.42173099517822,NA,8,NA,NA,NA,6.525000095367432,3.883333444595337,NA,0.1389999985694885,1975.25244140625,35.59999847412109,3,2,0.088042714
SAU,682,Saudi Arabia,670,682,4.499468326568604,1565891887104,74.8740005493164,33099148,Asia,20693.943359375,0.4720000028610229,83.62200164794922,16.37800025939941,NA,NA,NA,95.32862854003906,7.003686428070068,0.8519999980926514,NA,NA,NA,74.80000305175781,0,NA,NA,NA,0,2.566666603088379,NA,0.0309999994933605,47309.1328125,NA,4,4,-0.58099395
SDN,729,Sudan (2012-),625,736,1.135395884513855,176646782976,64.88099670410156,40813396,Africa,1900.0927734375,0.7239999771118164,34.36999893188477,65.62999725341797,NA,NA,NA,60.69718170166016,6.304975032806396,0.5090000033378601,23.43736457824707,18.85264205932617,32.19195938110352,65.0999984741211,5,NA,NA,NA,1.780879974365234,2.233333349227905,NA,0.0970000028610229,4362.57861328125,27.79999923706055,5,4,-1.977146
SEN,686,Senegal,433,686,0.9382935166358948,49402167296,67.37999725341797,15419381,Africa,1495.341918945313,0.300000011920929,46.7400016784668,53.2599983215332,NA,NA,NA,51.90042114257813,4.067426681518555,0.5120000243186951,24.14587593078613,8.626069068908691,41.83061599731445,66.80000305175781,6,NA,NA,NA,7.375626087188721,7.099999904632568,NA,0.5210000276565552,3203.90087890625,NA,NA,2,-0.050564539
SGP,702,Singapore,830,702,2.129565954208374,532832747520,83.095123291015625,5612253,Asia,57378.86328125,0.0099999997764826,100,0,NA,NA,NA,97.20221710205078,4.417786598205566,0.9330000281333924,NA,NA,NA,82.9000015258789,5,NA,NA,2206,12.22360992431641,5.416666507720947,NA,0.3440000116825104,94940.96875,NA,2,1,1.615338
SLB,90,Solomon Islands,940,90,3.537428379058838,1695663744,72.6449966430664,636038,Oceania,1751.51416015625,0.6399999856948853,23.2859992980957,76.71399688720703,NA,NA,NA,NA,4.741389274597168,0.5619999766349792,35.88967132568359,28.89701461791992,58.92646789550781,71.0999984741211,5,NA,NA,NA,28.01207542419434,NA,NA,0.4600000083446503,2665.978515625,NA,NA,NA,0.1989674
SLE,694,Sierra Leone,451,694,1.853411436080933,12300546048,53.89500045776367,7488431,Africa,466.945068359375,0.8019999861717224,41.63600158691406,58.36399841308594,NA,NA,NA,43.20632934570313,16.62017250061035,0.4429999887943268,19.27513885498047,13.70457935333252,27.08376884460449,53.09999847412109,5,NA,NA,NA,18.37810707092285,6.150000095367432,NA,0.3319999873638153,1642.606567382813,29.39999961853027,NA,2,-0.035891548
SLV,222,El Salvador,92,222,4.607252597808838,54005555200,72.87200164794922,6388122,Americas,3441.313232421875,0.6299999952316284,71.2750015258789,28.72500038146973,NA,NA,NA,88.48271179199219,7.227560043334961,0.6710000038146973,90.6496810913086,86.27332305908203,92.41342926025392,73.69999694824219,2,NA,NA,NA,24.42524909973145,7.300000190734863,NA,0.4850000143051147,8454.05859375,29.10000038146973,3,2,-0.26003289
SMR,674,San Marino,331,674,6.012505531311035,1982111232,NA,33671,Europe,49542.76953125,NA,97.0719985961914,2.927999973297119,NA,NA,NA,99.91642761230467,7.242102146148682,NA,NA,NA,NA,NA,0,NA,NA,NA,NA,NA,NA,NA,58867.01171875,NA,NA,NA,0.87435156
SOM,706,Somalia,520,706,NA,NA,56.70899963378906,14589119,Africa,NA,0.9100000262260436,44.39099884033203,55.60900115966797,NA,NA,NA,NA,NA,NA,9.831249237060549,8.100000381469727,12,55.40000152587891,3,NA,NA,NA,0,1.433333396911621,NA,0.1389999985694885,NA,NA,4,3,-2.2586665
SRB,688,Serbia,NA,NA,4.731257915496826,116239507456,75.53902435302734,7020858,Europe,6565.4638671875,0.6959999799728394,55.94200134277344,44.05799865722656,1.9369183,1.752809,0.39693356,98.8415069580078,8.231317520141602,0.7979999780654907,97.71893310546876,97.5520477294922,97.85228729248048,76.30000305175781,0,NA,NA,NA,27.70694923400879,7.699999809265137,NA,0.3179999887943268,16556.310546875,25.60000038146973,1,1,0.086802572
SSD,728,South Sudan,626,NA,0.7069642543792725,NA,57.3650016784668,10910759,Africa,730.93206787109375,0.8550000190734863,19.34600067138672,80.65399932861328,NA,NA,NA,34.52275848388672,8.374373435974121,0.4259999990463257,NA,NA,NA,58.59999847412109,5,NA,NA,NA,NA,2.616666555404663,NA,0.0659999996423721,NA,NA,5,5,-2.4520612
STP,678,Sao Tome and Principe,403,678,2.973781108856201,818599680,69.93299865722656,207089,Africa,1283.606689453125,0.2660000026226044,71.96800231933594,28.0319995880127,NA,NA,NA,92.81664276123048,6.460916042327881,0.6190000176429749,41.33987426757813,47.31468200683594,39.01264572143555,68.69999694824219,7,NA,NA,NA,19.91819953918457,NA,NA,0.5730000138282776,3952.88818359375,49.09999847412109,NA,NA,0.18597619
SUR,740,Suriname,115,740,3.627387046813965,9340572672,71.46299743652344,570501,Americas,7972.84033203125,0.3400000035762787,66.04100036621094,33.95899963378906,NA,NA,NA,94.383270263671875,6.229769706726074,0.7319999933242798,67.77896881103516,55.14105224609375,74.26362609863281,71.80000305175781,1,NA,NA,NA,22.95116424560547,NA,NA,0.6399999856948853,16372.580078125,NA,NA,1,0.12662123
SVK,703,Slovakia,317,703,5.354541301727295,168134590464,77.16585540771484,5439232,Europe,19832.189453125,0.2649999856948853,53.75099945068359,46.24900054931641,NA,NA,NA,NA,6.768838405609131,0.8550000190734863,NA,NA,NA,77.4000015258789,0,NA,NA,NA,31.36700057983398,8.600000381469727,6.787499904632568,0.7170000076293945,30911.458984375,19.89999961853027,NA,1,0.90978628
SVN,705,Slovenia,349,705,5.879852771759033,75773657088,81.029266357421875,2066388,Europe,25729.576171875,0.2430000007152557,54.27299880981445,45.72700119018555,NA,NA,NA,99.6999969482422,8.189417839050293,0.9070000052452089,NA,NA,NA,80.9000015258789,0,NA,NA,NA,22.2947998046875,9.25,7.462500095367432,0.781000018119812,36669.6171875,20.39999961853027,NA,1,0.87320328
SWE,752,Sweden,380,752,9.141998291015623,530433048576,82.409759521484375,10057698,Europe,57467.25,0.0149999996647239,87.14600372314453,12.85400009155273,NA,NA,NA,NA,10.78592205047607,0.9419999718666076,NA,NA,NA,82.4000015258789,0,1258,2002,3320,44.62963104248047,NA,9.19166660308838,0.8640000224113464,52739.01171875,22.29999923706055,NA,1,0.98420006
SWZ,748,Eswatini (former Swaziland),572,748,3.506936073303223,9457434624,58.31900024414063,1124753,Africa,4698.95166015625,0.5410000085830688,23.625,76.375,NA,NA,NA,88.41938018798828,6.910856246948242,0.597000002861023,24.09696388244629,16.76971054077148,47.78454208374023,57.70000076293945,5,NA,NA,NA,0,3.583333253860474,NA,0.0879999995231628,8408.4541015625,42.70000076293945,2,2,-0.26701397
SYC,690,Seychelles,591,690,3.644484996795654,2611017984,74.30000305175781,95843,Africa,14028.720703125,0.2160000056028366,56.26100158691406,43.73899841308594,NA,NA,NA,95.867706298828125,4.989407062530518,0.7889999747276306,NA,NA,NA,73.30000305175781,5,NA,NA,NA,33.51256942749023,NA,NA,0.4699999988079071,27242.65625,NA,NA,NA,0.79318064
SYR,760,Syria,652,760,NA,NA,70.96700286865234,17068002,Asia,NA,0.9319999814033508,53.5,46.5,NA,NA,NA,NA,NA,0.5640000104904175,70.59809112548828,69.0251693725586,71.9652099609375,63.79999923706055,6,NA,NA,NA,9.944549560546877,1.75,NA,0.0379999987781048,NA,NA,5,5,-2.6203773
TCD,148,Chad,483,148,0.6961490511894226,23832084480,53.71200180053711,15016773,Africa,817.53411865234375,0.959999978542328,22.85799980163574,77.141998291015625,NA,NA,NA,22.31155014038086,4.404453277587891,0.3959999978542328,5.818093776702881,2.307580709457397,17.66550064086914,54.29999923706055,6,NA,NA,NA,13.35935974121094,3.450000047683716,NA,0.0949999988079071,1587.031005859375,NA,NA,3,-1.2873297
TGO,768,Togo,461,768,0.92181134223938,11674937344,60.48899841308594,7698475,Africa,661.14813232421875,0.8209999799728394,41.1619987487793,58.8380012512207,NA,NA,NA,63.74562072753906,6.021447658538818,0.5059999823570251,10.47480583190918,3.729475498199463,20.11675071716309,60.59999847412109,6,NA,NA,NA,14.23499965667725,5.066666603088379,NA,0.1979999989271164,1516.526000976563,31.60000038146973,NA,3,-0.88191181
THA,764,Thailand,800,764,2.934693336486816,1205674835968,76.68299865722656,69209856,Asia,6135.47216796875,0.8100000023841858,49.20000076293945,50.79999923706055,2.1661408,1.8625863,0.43371993,93.76776123046876,3.832028388977051,0.7649999856948853,83.92335510253906,83.173583984375,84.69751739501953,75.5,0,NA,NA,NA,15.24779987335205,3.25,NA,0.1059999987483025,17420.564453125,28.39999961853027,3,3,-0.75274432
TJK,762,Tajikistan,702,762,2.096639633178711,27435855872,70.647003173828125,8880268,Asia,1024.859008789063,0.9269999861717224,26.98200035095215,73.01799774169922,1.7291666,1.5866667,0.64378238,99.8000030517578,7.228814601898193,0.6570000052452087,72.70350646972656,67.35794830322266,87.16950225830078,70.80000305175781,0,NA,NA,NA,11.89896011352539,2.983333349227905,NA,0.0520000010728836,3089.5302734375,26.39999961853027,4,3,-0.67344308
TKM,795,Turkmenistan,701,795,1.548250794410706,81787813888,67.95600128173828,5757669,Asia,7318.0654296875,0.8820000290870667,51.15299987792969,48.84700012207031,NA,NA,NA,99.6999969482422,6.93379545211792,0.7009999752044678,100,100,100,68.19999694824219,0,NA,NA,NA,1.269114017486572,2.849999904632568,NA,0.0419999994337559,14205.021484375,NA,3,3,-0.1259163
TLS,626,Timor-Leste,860,626,2.861672401428223,3910653440,69.00700378417969,1243261,Asia,865.703369140625,0.4760000109672546,30.21199989318848,69.78800201416016,NA,NA,NA,68.06683349609375,4.336554050445557,0.5989999771118164,28.1782283782959,21.92583274841309,42.62090682983398,68.5999984741211,0,NA,NA,NA,24.28140068054199,7.550000190734863,NA,0.4749999940395355,3145.48046875,24,NA,1,0.071461335
TON,776,Tonga,955,776,2.864825010299683,660172864,70.70099639892578,101998,Oceania,4415.8896484375,NA,23.16900062561035,76.83100128173828,NA,NA,NA,99.41436767578124,5.055215835571289,0.7229999899864197,NA,NA,NA,73.4000015258789,5,NA,NA,NA,1.610399961471558,NA,NA,NA,6472.40966796875,29.70000076293945,NA,NA,0.79011428
TTO,780,Trinidad and Tobago,52,780,3.679741621017456,36605374464,73.24500274658203,1384072,Americas,15261.8720703125,0.1169999986886978,53.20500183105469,46.79499816894531,NA,NA,NA,NA,7.020285606384277,0.7950000166893005,89.443206787109375,89.5492935180664,89.3680419921875,71.80000305175781,5,NA,NA,NA,26.09649085998535,8.449999809265137,NA,0.6100000143051147,26447.59375,NA,NA,2,0.27641696
TUN,788,Tunisia,616,788,4.14570951461792,121254600704,76.30999755859375,11433443,Africa,4343.43994140625,0.2249999940395355,68.641998291015625,31.35799980163574,1.3768898,1.5332012,0.48815167,79.03643035888672,7.257685661315918,0.734000027179718,78.6868896484375,53.92419815063477,89.99932861328125,76,6,NA,NA,NA,16.51577186584473,6.5,NA,0.6380000114440918,10605.2568359375,25.60000038146973,3,3,-1.0245316
TUR,792,Turkey,640,792,3.248104810714722,2282304307200,77.16100311279297,81101888,Asia,14975.0869140625,0.7760000228881836,74.64399719238281,25.35600090026855,2.348459,1.7809322,0.63737023,96.15052795410156,4.179749965667725,0.8140000104904175,NA,NA,NA,76.4000015258789,0,NA,897,NA,24.03750038146973,5.550000190734863,2.958333253860474,0.1110000014305115,28141.197265625,31.89999961853027,4,4,-1.7882242
TUV,798,Tuvalu,947,798,12.45283031463623,44321004,NA,11370,Oceania,3590.29248046875,NA,61.52999877929688,38.47000122070313,NA,NA,NA,NA,17.7282543182373,NA,NA,NA,NA,NA,5,NA,NA,NA,NA,NA,NA,NA,3898.065185546875,NA,NA,NA,1.2414572
TWN,158,Taiwan,713,158,NA,NA,NA,NA,Asia,NA,0.2879999876022339,NA,NA,1.5681565,1.6647159,0.26078588,NA,NA,NA,NA,NA,NA,NA,0,NA,NA,NA,26.35247993469238,9.550000190734863,NA,0.7329999804496765,NA,NA,NA,1,0.86452663
TZA,834,Tanzania,510,834,1.577946782112122,134274523136,64.47899627685547,54663904,Africa,937.301513671875,0.4650000035762787,33.05300140380859,66.9469985961914,NA,NA,NA,77.8872299194336,3.639137744903564,0.5230000019073486,47.95269393920898,40.48421096801758,63.07967758178711,63.90000152587891,5,NA,NA,NA,11.1077995300293,6.099999904632568,NA,0.3519999980926514,2530.4384765625,33.09999847412109,3,3,-0.56186301
UGA,800,Uganda,500,800,0.9711229205131532,85406359552,62.51599884033203,41162464,Africa,912.986572265625,0.7789999842643738,23.19599914550781,76.80400085449219,NA,NA,NA,76.527496337890625,6.487156391143799,0.5320000052452087,21.22249031066895,17.28260612487793,34.26779174804688,62.5,5,NA,NA,NA,9.176650047302246,5.433333396911621,NA,0.2700000107288361,2074.8603515625,34.20000076293945,3,3,-0.57156181
UKR,804,Ukraine,369,804,3.515636444091797,504350310400,71.780975341796875,44831136,Europe,2988.504150390625,0.7730000019073486,69.246002197265625,30.75399971008301,NA,NA,NA,NA,7.433324337005615,0.7710000276565552,NA,NA,NA,72.5,0,NA,NA,NA,23.52120018005371,6.900000095367432,NA,0.2240000069141388,11871.1240234375,21.70000076293945,4,3,-1.8702328
URY,858,Uruguay,165,858,6.65199089050293,73285943296,77.63200378417969,3436646,Americas,14437.384765625,0.0450000017881393,95.23999786376952,4.760000228881836,NA,NA,NA,98.61572265625,9.516356468200684,0.8140000104904175,NA,NA,NA,77.0999984741211,2,NA,NA,3387,30.20286750793457,9.949999809265137,NA,0.7760000228881836,21324.845703125,29.60000038146973,NA,1,1.0505514
USA,840,United States,2,840,8.54503059387207,19519353389056,78.53902435302734,324985536,Americas,53552.484375,0.135000005364418,82.05799865722656,17.9419994354248,2.2172456,2.1005242,0.53963006,NA,17.00361442565918,0.9240000247955322,NA,NA,NA,78.5,0,NA,NA,8037.5712890625,37.35808944702148,NA,7.412499904632568,0.7400000095367432,60062.22265625,30.39999961853027,3,2,0.33555272
UZB,860,Uzbekistan,704,860,2.106768608093262,211134955520,71.38800048828125,32388600,Asia,2290.38134765625,0.765999972820282,50.54999923706055,49.45000076293945,NA,NA,NA,99.992889404296875,5.076797485351563,0.7129999995231628,NA,NA,NA,72.30000305175781,0,NA,NA,NA,6.420543193817139,3.166666746139526,NA,0.0549999997019768,6518.8046875,NA,3,3,-0.23784399
VCT,670,St Vincent and the Grenadines,57,670,2.861375093460083,1344833280,72.30000305175781,109827,Americas,6730.89892578125,NA,51.78400039672852,48.21599960327148,NA,NA,NA,NA,4.306478500366211,0.734000027179718,NA,NA,NA,72,5,NA,NA,NA,30.53754043579102,NA,NA,NA,12245.0146484375,NA,NA,NA,0.88826728
VEN,862,Venezuela,101,862,3.72231125831604,NA,72.246002197265625,29390408,Americas,14025.357421875,0.8190000057220459,88.18299865722656,11.81700038909912,NA,NA,NA,97.12709045410156,6.222551345825195,0.7429999709129333,NA,NA,NA,74.0999984741211,2,NA,NA,1846,26.12202072143555,3.799999952316284,NA,0.1089999973773956,NA,NA,4,4,-1.2518595
VNM,704,Vietnam,816,704,2.732071399688721,676909547520,75.240997314453125,94596640,Asia,1852.963012695313,0.5450000166893005,35.2130012512207,64.78700256347656,1.8341666,1.9008334,0.39525139,95.00038146972656,5.925344944000244,0.6959999799728394,85.84654235839844,82.20790100097656,92.5411376953125,76.30000305175781,6,NA,NA,NA,3.5,3.349999904632568,NA,0.1529999971389771,7155.74560546875,27.5,3,3,0.28842312
VUT,548,Vanuatu,935,548,1.444331407546997,889833344,70.1719970703125,285510,Oceania,2854.000244140625,0.3849999904632568,25.16300010681152,74.83699798583984,NA,NA,NA,87.50630950927734,2.760949611663818,0.6010000109672546,25.20915031433105,17.46723365783691,48.23429870605469,72,9,NA,NA,NA,29.19000053405762,NA,NA,0.6729999780654907,3116.645263671875,NA,NA,NA,0.70111293
WSM,882,Samoa,990,882,4.126542568206787,1267070080,73.0459976196289,195352,Oceania,3848.30126953125,NA,18.45199966430664,81.5479965209961,NA,NA,NA,99.09577178955078,5.507208824157715,0.7099999785423279,NA,NA,NA,75.0999984741211,5,NA,NA,NA,18.36796569824219,NA,NA,NA,6486.0869140625,NA,NA,NA,1.1785302
YEM,887,Yemen,679,887,0.497158020734787,NA,66.08599853515625,27834820,Asia,643.16400146484375,0.9229999780654908,36.01599884033203,63.98400115966797,1.141649,1.3158436,1.2454545,NA,4.88250207901001,0.4670000076293945,49.54235458374023,37.54142379760742,70.86254119873047,65.30000305175781,5,NA,NA,NA,0,1.799999952316284,NA,0.0359999984502792,NA,29.39999961853027,5,5,-2.9419429
ZAF,710,South Africa,560,710,4.352767944335938,724100710400,63.53799819946289,57000452,Africa,7476.38623046875,0.453000009059906,65.8499984741211,34.15000152587891,NA,NA,NA,87.04666900634766,8.113119125366211,0.7049999833106995,43.99257278442383,27.48103904724121,52.55550384521484,63.59999847412109,5,NA,2715,1494,13.07339000701904,7.599999904632568,NA,0.6039999723434448,12703.4208984375,50.5,3,4,-0.27754793
ZMB,894,Zambia,551,894,1.77441942691803,58735190016,63.04299926757813,16853688,Africa,1660.766235351563,0.4510000050067902,42.97600173950195,57.02399826049805,NA,NA,NA,86.74796295166016,4.397489547729492,0.578000009059906,13.93807983398438,5.155645847320557,25.59131622314453,62.29999923706055,5,NA,NA,NA,12.05000019073486,6,NA,0.2460000067949295,3485.005126953125,44.40000152587891,NA,2,0.14617969
ZWE,716,Zimbabwe,552,716,1.699561953544617,43112366080,60.8120002746582,14236745,Africa,1263.3212890625,0.7979999780654907,32.23699951171875,67.76300048828125,1.7319502,1.6793388,0.90569949,88.69342041015625,5.849774837493896,0.5630000233650208,36.791259765625,31.20064926147461,48.54286956787109,61.40000152587891,5,NA,NA,NA,7.297920227050781,3.833333253860474,NA,0.2150000035762787,3028.24609375,34.79999923706055,3,3,-0.70867682
